Entity,Label,Count,Average_Score
calcite,MINERAIS,447,"0,8300"
Santos,BACIA,362,"0,8030"
carbonates,ROCHA,313,"0,7634"
Campos,BACIA,271,"0,9684"
grainstones,ROCHA,256,"0,9517"
continental,PALEOAMBIENTE,193,"0,8864"
Barra,CAMPO,159,"0,6382"
Aptian,UNIDADE_CRONO,147,"0,8497"
dolomite,MINERAIS,139,"0,7722"
quartz,MINERAIS,130,"0,9900"
grainstone,ROCHA,127,"0,8880"
Cretaceous,UNIDADE_CRONO,126,"0,8246"
rudstones,ROCHA,117,"0,9460"
carbonate,ROCHA,92,"0,6889"
CamposBasin,BACIA,87,"0,8691"
carbonates.,ROCHA,85,"0,7902"
falhas,ESTRUTURA_FISICA,82,"0,9997"
coquinas,ROCHA,81,"0,9675"
"calcite,",MINERAIS,79,"0,9096"
BarraVelha,CAMPO,78,"0,7137"
Velha,UNIDADE_LITO,78,"0,5548"
"CamposBasin,",BACIA,74,"0,8876"
Kwanza,BACIA,67,"0,7560"
rudstone,ROCHA,66,"0,8830"
BaciadeSantos,BACIA,65,"0,9998"
mudstones,ROCHA,64,"0,9255"
lakes,PALEOAMBIENTE,63,"0,8025"
ooids,NAO_CONSOLID,61,"0,8001"
packstones,ROCHA,57,"0,9184"
bivalve,FOSSEIS,57,"0,9181"
Barremian,UNIDADE_CRONO,55,"0,9843"
mudstone,ROCHA,55,"0,8964"
"carbonates,",ROCHA,54,"0,8069"
"dolomite,",MINERAIS,54,"0,8196"
BaciadeSantos.,BACIA,49,"0,9999"
Pre-Alagoas,UNIDADE_CRONO,42,"0,9315"
basalts,ROCHA,42,"0,9216"
calcite.,MINERAIS,42,"0,9105"
"grainstones,",ROCHA,39,"0,9763"
travertine,ROCHA,38,"0,8756"
"quartz,",MINERAIS,38,"0,9948"
limestones,ROCHA,35,"0,8807"
Precambrian,UNIDADE_CRONO,34,"0,8612"
ostracods,FOSSEIS,33,"0,8756"
coquina,ROCHA,33,"0,7613"
Grainstone,ROCHA,30,"0,8482"
cretaceous,UNIDADE_CRONO,30,"0,8097"
faulting,ESTRUTURA_FISICA,29,"0,7914"
faults,ESTRUTURA_FISICA,26,"0,7466"
claystones,ROCHA,26,"0,9524"
peloids,NAO_CONSOLID,25,"0,6484"
laminations,ESTRUTURA_FISICA,24,"0,6625"
dolomite.,MINERAIS,24,"0,8125"
CO2,FLUIDODATERRA,24,"0,7659"
Albian,UNIDADE_CRONO,24,"0,9557"
"mudstones,",ROCHA,23,"0,9639"
limestone,ROCHA,23,"0,7781"
micrite,MINERAIS,23,"0,8351"
packstone,ROCHA,23,"0,8693"
Continental,PALEOAMBIENTE,23,"0,8697"
Intra-Alagoas,UNIDADE_CRONO,22,"0,7713"
ostracod,FOSSEIS,21,"0,7634"
carbonatos,ROCHA,21,"0,9945"
alluvial,PALEOAMBIENTE,20,"0,7551"
grainstones.,ROCHA,20,"0,9543"
shrubstone,ROCHA,19,"0,8628"
"Santos,",BACIA,19,"0,9777"
Pelotas,BACIA,19,"0,9758"
"grainstone,",ROCHA,19,"0,9515"
"packstones,",ROCHA,18,"0,9489"
Carbonates,ROCHA,18,"0,6721"
fluvial,PALEOAMBIENTE,17,"0,7655"
lakes.,PALEOAMBIENTE,17,"0,7854"
wackestones,ROCHA,17,"0,8195"
"ooids,",NAO_CONSOLID,17,"0,7738"
"pyrite,",MINERAIS,17,"0,7930"
travertines,ROCHA,16,"0,9960"
halite,ROCHA,16,"0,9214"
2-ANP-2A-RJS,POÇO,15,"0,9450"
mollusk,FOSSEIS,15,"0,8903"
wackestone,ROCHA,15,"0,7319"
bivalves,FOSSEIS,15,"0,9820"
AndarAptiano,UNIDADE_CRONO,15,"0,9895"
arenites,ROCHA,15,"0,6992"
quartz.,MINERAIS,15,"0,9947"
"rudstones,",ROCHA,14,"0,9511"
"BaciadeSantos,",BACIA,14,"0,9997"
"mudstone,",ROCHA,14,"0,9259"
Grainstones,ROCHA,14,"0,8088"
ooids.,NAO_CONSOLID,14,"0,8440"
"sandstones,",ROCHA,13,"0,7819"
BaciadeCampos.,BACIA,13,"0,9998"
Barremian-Aptian,UNIDADE_CRONO,13,"0,9521"
pyrite,MINERAIS,13,"0,9143"
dolomudstones,ROCHA,13,"0,8903"
siltites,ROCHA,13,"0,9549"
"travertines,",ROCHA,12,"0,9949"
3-BRSA-1267A-RJS,POÇO,12,"0,9729"
mudstones.,ROCHA,12,"0,9818"
rudstones.,ROCHA,12,"0,9303"
rochascarbona,ROCHA,12,"0,9595"
EspiritoSanto,BACIA,11,"0,8922"
dolomites,ROCHA,11,"0,8260"
mounds,ESTRUTURA_FISICA,11,"0,5746"
CamposBasin.,BACIA,11,"0,8822"
BaciadeCampos,BACIA,11,"0,9996"
shrubstones,ROCHA,11,"0,7364"
Hauterivian,UNIDADE_CRONO,10,"0,6887"
stones,ROCHA,10,"0,8594"
"ostracods,",FOSSEIS,10,"0,8211"
"basalts,",ROCHA,10,"0,9065"
"Cretaceous,",UNIDADE_CRONO,10,"0,9245"
conglomerates,ROCHA,10,"0,8552"
"siltstones,",ROCHA,10,"0,9657"
Holocene,UNIDADE_CRONO,10,"0,9397"
siltstones,ROCHA,10,"0,9260"
Mesozoic,UNIDADE_CRONO,10,"0,9915"
framestones,ROCHA,10,"0,8523"
Alagoas,UNIDADE_CRONO,10,"0,7663"
Coquinas,ROCHA,10,"0,9597"
Rudstones,ROCHA,10,"0,9686"
"peloids,",NAO_CONSOLID,10,"0,6566"
calcarenites,ROCHA,10,"0,8784"
laminitos,ROCHA,10,"0,9950"
limestones.,ROCHA,9,"0,9411"
3-BRSA-1345-RJS,POÇO,9,"0,9651"
anhydrite,ROCHA,9,"0,7725"
"Aptian,",UNIDADE_CRONO,9,"0,9860"
"packstone,",ROCHA,9,"0,9005"
"lakes,",PALEOAMBIENTE,9,"0,7623"
Phanerozoic,UNIDADE_CRONO,9,"0,9922"
fault,ESTRUTURA_FISICA,9,"0,7528"
Cretaceous.,UNIDADE_CRONO,9,"0,9589"
"coquinas,",ROCHA,9,"0,9897"
"barite,",MINERAIS,9,"0,7841"
Eocene,UNIDADE_CRONO,9,"0,9619"
3-BRSA-1172-RJS,POÇO,9,"0,9860"
Jurassic,UNIDADE_CRONO,8,"0,7972"
"rudstone,",ROCHA,8,"0,9003"
silt,NAO_CONSOLID,8,"0,8521"
"2-ANP-2A-RJS,",POÇO,8,"0,9814"
faults.,ESTRUTURA_FISICA,8,"0,8568"
"Albian,",UNIDADE_CRONO,8,"0,9952"
sandstones,ROCHA,8,"0,7103"
Proterozoic,UNIDADE_CRONO,8,"0,9898"
shells,FOSSEIS,8,"0,5301"
Pleistocene,UNIDADE_CRONO,8,"0,9616"
Rudstone,ROCHA,8,"0,9093"
Aptiano,UNIDADE_CRONO,8,"0,9991"
pre-Alagoas,UNIDADE_CRONO,8,"0,8847"
Bivalve,FOSSEIS,8,"0,9198"
vugular,ESTRUTURA_FISICA,8,"0,5940"
barite,MINERAIS,8,"0,7979"
magnesite,MINERAIS,8,"0,6669"
"micrite,",MINERAIS,7,"0,9191"
3-BRSA-1310-RJS,POÇO,7,"0,9688"
Neocomian,UNIDADE_CRONO,7,"0,9162"
"halite,",ROCHA,7,"0,8414"
faulting.,ESTRUTURA_FISICA,7,"0,7571"
"CampodeBuzios,",CAMPO,7,"0,9894"
Aptian.,UNIDADE_CRONO,7,"0,9932"
chalcedony,ROCHA,7,"0,6609"
Quartz,MINERAIS,7,"0,7787"
,FOSSEIS,7,"0,6970"
Neoproterozoic,UNIDADE_CRONO,7,"0,9724"
feldspar,MINERAIS,7,"0,8248"
Dolostones,ROCHA,7,"0,8102"
"BarraVelha,",UNIDADE_LITO,7,"0,8729"
calcarenite,ROCHA,7,"0,8180"
Shrubstone,ROCHA,7,"0,8562"
Carbonate,ROCHA,7,"0,6388"
lamination,ESTRUTURA_FISICA,7,"0,8846"
basalt,ROCHA,7,"0,7108"
"shrubstone,",ROCHA,7,"0,8043"
SantosBasin,BACIA,7,"0,7993"
Itapema,UNIDADE_LITO,7,"0,5682"
Parana,BACIA,7,"0,8222"
"limestones,",ROCHA,6,"0,9618"
cracks,ESTRUTURA_FISICA,6,"0,9111"
3-BRSA-1339A-RJS,POÇO,6,"0,9491"
3-BRSA-1342A-RJS,POÇO,6,"0,9569"
3-BRSA-1322-RJS,POÇO,6,"0,9628"
4-BRSA-1346-RJS,POÇO,6,"0,9415"
Miocene,UNIDADE_CRONO,6,"0,8016"
"Campos,",BACIA,6,"0,9299"
boundstones,ROCHA,6,"0,6549"
Ostracods,FOSSEIS,6,"0,8384"
waters,FLUIDODATERRA,6,"0,7060"
grainstone.,ROCHA,6,"0,9758"
Mudstone,ROCHA,6,"0,8588"
ostracods.,FOSSEIS,6,"0,9117"
smectite,ROCHA,6,"0,6097"
Intraclastic,FOSSEIS,6,"0,5968"
calcimudstones,ROCHA,6,"0,6315"
dolostones,ROCHA,6,"0,6968"
galena,MINERAIS,6,"0,8715"
Paleozoic,UNIDADE_CRONO,6,"0,9991"
4-BRSA-1226-RJS,POÇO,6,"0,9893"
"falhas,",ESTRUTURA_FISICA,6,"0,9996"
argila,NAO_CONSOLID,6,"0,9996"
"siltites,",ROCHA,6,"0,9495"
Sergipe-Alagoas,BACIA,5,"0,9852"
micrite.,MINERAIS,5,"0,7654"
colluvial,PALEOAMBIENTE,5,"0,7764"
Devonian,UNIDADE_CRONO,5,"0,8690"
"Holkerian,",UNIDADE_CRONO,5,"0,8055"
"3-BRSA-1053-RJS,",POÇO,5,"0,9943"
"2-ANP-1-RJS,",POÇO,5,"0,9953"
8-BUZ-28DA-RJS,POÇO,5,"0,9656"
Valanginian,UNIDADE_CRONO,5,"0,8491"
mollusks,FOSSEIS,5,"0,8847"
Packstone,ROCHA,5,"0,7755"
Bivalves,FOSSEIS,5,"0,9371"
mudstone.,ROCHA,5,"0,8380"
"silt,",NAO_CONSOLID,5,"0,8238"
boundstone,ROCHA,5,"0,5882"
Paleoproterozoic,UNIDADE_CRONO,5,"0,9417"
Cenozoic,UNIDADE_CRONO,5,"0,9975"
-Alagoas,UNIDADE_CRONO,5,"0,5504"
Buracica,UNIDADE_CRONO,5,"0,7209"
"bivalves,",FOSSEIS,5,"0,9957"
dolostone,ROCHA,5,"0,9278"
bioclasts,FOSSEIS,5,"0,6569"
marinhas,PALEOAMBIENTE,5,"0,9989"
ostracodes,FOSSEIS,5,"0,9970"
Quaternary,UNIDADE_CRONO,5,"0,9861"
feldspars,MINERAIS,5,"0,7523"
silica,MINERAIS,5,"0,6916"
"faulting,",ESTRUTURA_FISICA,5,"0,8378"
lacustrine,PALEOAMBIENTE,5,"0,5511"
deltas,PALEOAMBIENTE,5,"0,6964"
Dolostone,ROCHA,5,"0,9976"
3-BRSA-1032-RJS,POÇO,5,"0,9946"
1-BRSA-1146-RJS,POÇO,5,"0,9899"
fissure,ESTRUTURA_FISICA,5,"0,8955"
"mounds,",ESTRUTURA_FISICA,5,"0,5810"
embasamento,UNIDADE_LITO,5,"0,9903"
folhelhos,ROCHA,5,"0,9999"
cementstones,ROCHA,4,"0,7177"
Micrite,MINERAIS,4,"0,7385"
packstones.,ROCHA,4,"0,9530"
3-BRSA-1305A-RJS,POÇO,4,"0,9610"
3-BRSA-1255-RJS,POÇO,4,"0,9757"
3-BRSA-1350-RJS,POÇO,4,"0,9690"
PelotasBasin,BACIA,4,"0,8505"
3-BRSA-1053-RJS,POÇO,4,"0,9840"
3-BRSA-1064-RJS,POÇO,4,"0,9760"
"8-BUZ-20-RJS,",POÇO,4,"0,9830"
"8-BUZ-26-RJS,",POÇO,4,"0,9776"
Mollusk,FOSSEIS,4,"0,7125"
"mollusks,",FOSSEIS,4,"0,9241"
sandstone,ROCHA,4,"0,6612"
Cambrian,UNIDADE_CRONO,4,"0,9612"
basalts.,ROCHA,4,"0,9254"
Lacustrine,PALEOAMBIENTE,4,"0,5444"
1-BRSA-491-SPS,POÇO,4,"0,9964"
"vugular,",ESTRUTURA_FISICA,4,"0,6550"
"claystones,",ROCHA,4,"0,9508"
claystones.,ROCHA,4,"0,8836"
Dolomite,MINERAIS,4,"0,5114"
Gastropod,FOSSEIS,4,"0,6626"
"BaciadeCampos,",BACIA,4,"0,9997"
"anhydrite,",ROCHA,4,"0,6921"
Linguado,CAMPO,4,"0,8500"
micas,MINERAIS,4,"0,5924"
"lamination,",ESTRUTURA_FISICA,4,"0,6863"
3-BRSA-944A-RJS,POÇO,4,"0,9907"
Pre,UNIDADE_CRONO,4,"0,9071"
"arenites,",ROCHA,4,"0,7377"
muscovite,MINERAIS,4,"0,8008"
SB-E1,POÇO,4,"0,7145"
grain,ROCHA,4,"0,6698"
Carboniferous,UNIDADE_CRONO,4,"0,9478"
Salta,BACIA,4,"0,5616"
3-BRSA-891A-RJS,POÇO,4,"0,9863"
Jiquia,UNIDADE_CRONO,4,"0,7063"
carbonatemounds.,ROCHA,4,"0,6501"
discorda,ESTRUTURA_FISICA,4,"0,8679"
falha,ESTRUTURA_FISICA,4,"0,9995"
Laminitos,ROCHA,4,"0,9994"
floatstones.,ROCHA,3,"0,5820"
"siliciclastics,",ROCHA,3,"0,9086"
8-BUZ-26-RJS,POÇO,3,"0,9718"
Albian.,UNIDADE_CRONO,3,"0,9978"
Albiano,UNIDADE_CRONO,3,"0,9999"
breccia,MINERAIS,3,"0,7458"
dolomites.,ROCHA,3,"0,9920"
"wackestones,",ROCHA,3,"0,9832"
"Grainstones,",ROCHA,3,"0,9784"
coquinas.,ROCHA,3,"0,9711"
gastropod,FOSSEIS,3,"0,7841"
Conglomerate,ROCHA,3,"0,8870"
Sandstone,ROCHA,3,"0,8525"
siltstone,ROCHA,3,"0,6825"
Travertines,ROCHA,3,"0,9315"
aragonite,MINERAIS,3,"0,5799"
Berriasian.,UNIDADE_CRONO,3,"0,8512"
wedges,ESTRUTURA_FISICA,3,"0,6872"
ritoSanto,BACIA,3,"0,8443"
scars,ESTRUTURA_FISICA,3,"0,7556"
Eoaptian,UNIDADE_CRONO,3,"0,9826"
3-BRSA-1023-SPS,POÇO,3,"0,9910"
baciadeSantos,BACIA,3,"0,9824"
gastropods,FOSSEIS,3,"0,7802"
Arenites.,ROCHA,3,"0,9644"
rudstone.,ROCHA,3,"0,9901"
Claystones,ROCHA,3,"0,8265"
ooid,NAO_CONSOLID,3,"0,9079"
"smectite,",ROCHA,3,"0,6542"
Arenites,ROCHA,3,"0,9248"
clay,NAO_CONSOLID,3,"0,6378"
calcretes,ROCHA,3,"0,8028"
lacustres,PALEOAMBIENTE,3,"0,9715"
Calcarenite,ROCHA,3,"0,9472"
"floatstone,",ROCHA,3,"0,6333"
"wackestone,",ROCHA,3,"0,8272"
"dolostone,",MINERAIS,3,"0,7806"
magma,ROCHA,3,"0,9017"
volcanic,ROCHA,3,"0,6689"
"shrubstones,",ROCHA,3,"0,7805"
BarraVelha.,UNIDADE_LITO,3,"0,8367"
Phanerozoic.,UNIDADE_CRONO,3,"0,9994"
Santo,BACIA,3,"0,7777"
"Pleistocene,",UNIDADE_CRONO,3,"0,9839"
calcites,MINERAIS,3,"0,3931"
cherts.,ROCHA,3,"0,8397"
"galena,",MINERAIS,3,"0,7491"
"stones,",ROCHA,3,"0,9274"
Ooids,NAO_CONSOLID,3,"0,6352"
mound-like,ESTRUTURA_FISICA,3,"0,6564"
claystone,ROCHA,3,"0,8542"
1-BRSA-618-RJS,POÇO,3,"0,9956"
3-BRSA-1243-RJS,POÇO,3,"0,9768"
Neobarremian,UNIDADE_CRONO,3,"0,9313"
Arenite,ROCHA,3,"0,9795"
grainstone-dominated,ROCHA,3,"0,6552"
ripples,ESTRUTURA_FISICA,3,"0,8198"
carbonatemounds,ROCHA,3,"0,6296"
"campodeTupi,",CAMPO,3,"0,9559"
carbonatos.,ROCHA,3,"0,9983"
arenitos,ROCHA,3,"0,9989"
pelitos,ROCHA,3,"0,9385"
Fm.BarraVelha,UNIDADE_LITO,3,"0,9958"
evaporitos,ROCHA,3,"0,9995"
anidrita,ROCHA,3,"0,9740"
Calcarenites,ROCHA,3,"0,7582"
tuffs,ROCHA,2,"0,9229"
fluvio-deltaic,PALEOAMBIENTE,2,"0,8218"
mud,ROCHA,2,"0,8875"
shrubby,ESTRUTURA_FISICA,2,"0,7975"
intraclastic,FOSSEIS,2,"0,5491"
cyanobacteria,FOSSEIS,2,"0,7407"
lamination.,ESTRUTURA_FISICA,2,"0,8067"
Carbonates.,ROCHA,2,"0,6033"
BM-S-24,POÇO,2,"0,7664"
Epinephelus.,FOSSEIS,2,"0,9727"
3BRSA-1342A-RJS,POÇO,2,"0,7821"
Sapinhoa,CAMPO,2,"0,8307"
"8-BUZ-21D-RJS,",POÇO,2,"0,9829"
folds,ESTRUTURA_FISICA,2,"0,6872"
Barremian.,UNIDADE_CRONO,2,"0,9998"
Eo-Oligocene,UNIDADE_CRONO,2,"0,9700"
Tertiary,UNIDADE_CRONO,2,"0,7267"
"Camposbasins,",BACIA,2,"0,7519"
BaciadePelotas.,BACIA,2,"0,9997"
mesozoic,UNIDADE_CRONO,2,"0,9354"
"Barremiano,",UNIDADE_CRONO,2,"0,9999"
Wackestones,ROCHA,2,"0,9277"
packstone.,ROCHA,2,"0,9878"
Cherts,ROCHA,2,"0,7065"
boundstones.,ROCHA,2,"0,6285"
wackestones.,ROCHA,2,"0,8615"
"Sandstones,",ROCHA,2,"0,8489"
"conglomerates,",ROCHA,2,"0,8071"
Conglomerates,ROCHA,2,"0,7910"
Sandstones,ROCHA,2,"0,7002"
"deltas,",PALEOAMBIENTE,2,"0,7699"
"laminations,",ESTRUTURA_FISICA,2,"0,7068"
"sandstone,",ROCHA,2,"0,5864"
halite.,ROCHA,2,"0,6236"
mollusc,FOSSEIS,2,"0,8842"
"cretaceous,",UNIDADE_CRONO,2,"0,8379"
"CO2,",FLUIDODATERRA,2,"0,8190"
scarp,ESTRUTURA_FISICA,2,"0,7865"
"wedges,",ESTRUTURA_FISICA,2,"0,6806"
scar,ESTRUTURA_FISICA,2,"0,8118"
granites,ROCHA,2,"0,9962"
gneisses,ROCHA,2,"0,5587"
"Neoaptian,",UNIDADE_CRONO,2,"0,9964"
3-BRSA-861-SPS,POÇO,2,"0,9865"
Lapa,CAMPO,2,"0,5635"
anhydrite.,ROCHA,2,"0,7927"
"faults,",ESTRUTURA_FISICA,2,"0,8052"
failures,ESTRUTURA_FISICA,2,"0,7960"
baciadeSantos.,BACIA,2,"0,9959"
Creta,UNIDADE_CRONO,2,"0,8300"
shell,FOSSEIS,2,"0,5498"
arenite,ROCHA,2,"0,5932"
"Rudstones,",ROCHA,2,"0,9935"
Packstones.,ROCHA,2,"0,9414"
"cherts,",ROCHA,2,"0,8028"
Rudstones.,ROCHA,2,"0,9916"
gastropods.,FOSSEIS,2,"0,9394"
Ballik,CAMPO,2,"0,5697"
"Carbonates,",ROCHA,2,"0,5760"
travertines.,ROCHA,2,"0,9987"
Turonian,UNIDADE_CRONO,2,"0,9219"
"micas,",MINERAIS,2,"0,7647"
"bioclasts,",FOSSEIS,2,"0,6216"
cementstone,ROCHA,2,"0,4321"
"dolomudstones,",ROCHA,2,"0,6780"
dolomudstone,ROCHA,2,"0,9137"
2-ANP-1-RJS,POÇO,2,"0,9938"
9-BRSA-1159-RJS,POÇO,2,"0,9402"
Hauterevian,UNIDADE_CRONO,2,"0,9617"
2-ANP1-RJS,POÇO,2,"0,9745"
3-,POÇO,2,"0,9784"
3-BRSA-944-RJS.,POÇO,2,"0,9968"
shallow,PALEOAMBIENTE,2,"0,6362"
Marinhas,PALEOAMBIENTE,2,"0,9992"
Archean,UNIDADE_CRONO,2,"0,9067"
granitoids,ROCHA,2,"0,7093"
PreAlagoas,UNIDADE_CRONO,2,"0,7928"
Namibe,BACIA,2,"0,6996"
tufas,ROCHA,2,"0,7282"
"floatstones,",ROCHA,2,"0,8083"
"cementstones,",ROCHA,2,"0,7599"
Palaeoproterozoic,UNIDADE_CRONO,2,"0,9202"
oceans.,PALEOAMBIENTE,2,"0,8325"
EspritoSanto,BACIA,2,"0,7514"
"Holocene,",UNIDADE_CRONO,2,"0,9285"
Cretace,UNIDADE_CRONO,2,"0,8293"
Pyrite,ROCHA,2,"0,5730"
"chalcedony,",MINERAIS,2,"0,7680"
silica.,MINERAIS,2,"0,6688"
pyrite.,MINERAIS,2,"0,9439"
laminations.,ESTRUTURA_FISICA,2,"0,7259"
"silica,",MINERAIS,2,"0,7782"
Magnesite,MINERAIS,2,"0,5197"
Ordovician,UNIDADE_CRONO,2,"0,9153"
"pisolites,",ROCHA,2,"0,7936"
calcrete,ROCHA,2,"0,6691"
Fault,ESTRUTURA_FISICA,2,"0,5953"
contact,ESTRUTURA_FISICA,2,"0,7347"
"Mudstones,",ROCHA,2,"0,8574"
stones.,ROCHA,2,"0,9453"
Alluvial,PALEOAMBIENTE,2,"0,8691"
"Jurassic,",UNIDADE_CRONO,2,"0,9749"
"feldspar,",MINERAIS,2,"0,9080"
"Velha,",UNIDADE_LITO,2,"0,5866"
1-BRSA-886-RJS,POÇO,2,"0,9990"
Santonian,UNIDADE_CRONO,2,"0,9913"
Campanian,UNIDADE_CRONO,2,"0,7472"
"travertine,",ROCHA,2,"0,8633"
"1-BRSA-618-RJS,",POÇO,2,"0,9948"
"3-BRSA-1032-RJS,",POÇO,2,"0,9970"
"3-BRSA-1172-RJS,",POÇO,2,"0,9612"
3-BRSA-1132-RJS,POÇO,2,"0,9824"
9-BRSA-1284-RJS,POÇO,2,"0,9041"
gases,FLUIDODATERRA,2,"0,9789"
Ilyocypris,FOSSEIS,2,"0,7868"
"Alagoas,",UNIDADE_CRONO,2,"0,6808"
Alagoas.,UNIDADE_CRONO,2,"0,7578"
rocks,ROCHA,2,"0,7500"
strontium,MINERAIS,2,"0,9148"
Paleocene-Eocene,UNIDADE_CRONO,2,"0,9990"
gravel,NAO_CONSOLID,2,"0,6834"
eolian,PALEOAMBIENTE,2,"0,8582"
rochascarbonaticas,ROCHA,2,"0,9985"
water,FLUIDODATERRA,2,"0,7148"
3-EQNR-1-SPS,POÇO,2,"0,9790"
mounds.,ESTRUTURA_FISICA,2,"0,3649"
3-BRSA-1343-RJS,POÇO,2,"0,9677"
Coquina,ROCHA,2,"0,6817"
2-ANP-2A-RJS.,POÇO,2,"0,9139"
3-BRSA-1345-RJS.,POÇO,2,"0,9988"
3-BRSA-1183-RJS,POÇO,2,"0,9935"
aptiano,UNIDADE_CRONO,2,"0,9880"
2SEQ5,POÇO,2,"0,7111"
Formac,UNIDADE_LITO,2,"0,7242"
Carbonatos,ROCHA,2,"0,9952"
"Aptiano,",UNIDADE_CRONO,2,"0,9999"
argilas,NAO_CONSOLID,2,"0,9995"
Discorda,ESTRUTURA_FISICA,2,"0,5535"
"anidrita,",ROCHA,2,"0,9986"
leques,PALEOAMBIENTE,2,"0,9525"
falhas.,ESTRUTURA_FISICA,2,"0,9998"
esferulitos,ROCHA,2,"0,7338"
Esferulitos,ROCHA,2,"0,9859"
"calcarenites,",ROCHA,2,"0,8822"
siltites.,ROCHA,2,"0,9582"
calcarenite.,ROCHA,2,"0,8433"
"Pampo,",CAMPO,2,"0,9920"
Charophyte,FOSSEIS,1,"0,6522"
algae,FOSSEIS,1,"0,6264"
gyrogonite,FOSSEIS,1,"0,5174"
floatstones,ROCHA,1,"0,8326"
oogonia,FOSSEIS,1,"0,3754"
grainstones-rudstones,ROCHA,1,"0,8525"
Neo-Cretaceous,UNIDADE_CRONO,1,"0,9480"
of,BACIA,1,"0,8384"
Neocominian.,UNIDADE_CRONO,1,"0,9978"
3-BRSA-1053RJS,POÇO,1,"0,9958"
calcilutite,ROCHA,1,"0,6886"
Eodanian,UNIDADE_CRONO,1,"0,9972"
3-BRSA-1053-RJ,POÇO,1,"0,9958"
8-BUZ-28DA-RJS.,POÇO,1,"0,9791"
8BUZ-28DA-RJS,POÇO,1,"0,9822"
Eo-Aptian.,UNIDADE_CRONO,1,"0,9981"
8-BUZ-21D-RJS,POÇO,1,"0,9858"
8BUZ-26-RJS,POÇO,1,"0,9009"
Neo-Aptian,UNIDADE_CRONO,1,"0,9897"
sylvite,MINERAIS,1,"0,7431"
Neogene.,UNIDADE_CRONO,1,"0,9983"
diamictites,ROCHA,1,"0,9998"
mound-shaped,ESTRUTURA_FISICA,1,"0,5794"
Miocene.,UNIDADE_CRONO,1,"0,9990"
Serravallian,UNIDADE_CRONO,1,"0,8090"
diamictites.,ROCHA,1,"0,9994"
BaciaDeSantos.,BACIA,1,"0,9999"
Dinoflagellate,FOSSEIS,1,"0,8747"
baciadeTaranaki.,BACIA,1,"0,9992"
"EspiritoSantobasins,",BACIA,1,"0,8825"
camposdeLapa,CAMPO,1,"0,9943"
"CampodeBonito,",CAMPO,1,"0,9989"
BaciadeCampos-,BACIA,1,"0,9996"
Neogene,UNIDADE_CRONO,1,"0,8565"
Paleogene,UNIDADE_CRONO,1,"0,8849"
Peloids,FOSSEIS,1,"0,6513"
Boundstone,ROCHA,1,"0,5990"
cyanobacteriacoccoid,FOSSEIS,1,"0,9899"
cyanobacteriamats.,FOSSEIS,1,"0,6928"
"Packstones,",ROCHA,1,"0,9854"
botryoids,FOSSEIS,1,"0,5996"
quartzite,MINERAIS,1,"0,9621"
schist,NAO_CONSOLID,1,"0,7860"
crack,ESTRUTURA_FISICA,1,"0,8909"
fluvial-to-alluvial,PALEOAMBIENTE,1,"0,7420"
molluskshell,FOSSEIS,1,"0,8112"
Siltstone,ROCHA,1,"0,9928"
"chert,",MINERAIS,1,"0,9099"
structures,ESTRUTURA_FISICA,1,"0,4570"
"anhydrites,",ROCHA,1,"0,7701"
"material,",NAO_CONSOLID,1,"0,5030"
Cameia,CAMPO,1,"0,6933"
Benguela,BACIA,1,"0,5745"
"Cambrian,",UNIDADE_CRONO,1,"0,9974"
Cretaceus,UNIDADE_CRONO,1,"0,9932"
Berriasian,UNIDADE_CRONO,1,"0,9011"
"Sergipe-Alagoas,",BACIA,1,"0,9202"
scarps,ESTRUTURA_FISICA,1,"0,8309"
"scarps,",ESTRUTURA_FISICA,1,"0,6264"
neoproterozoic,UNIDADE_CRONO,1,"0,9863"
paleoproterozoic,UNIDADE_CRONO,1,"0,7083"
fracture,ESTRUTURA_FISICA,1,"0,8497"
Borborema,FOSSEIS,1,"0,9750"
AptianAlbian,UNIDADE_CRONO,1,"0,7466"
fold,ESTRUTURA_FISICA,1,"0,5743"
Baciadoespi,BACIA,1,"0,8390"
BaciadoespiritoSanto.,BACIA,1,"0,8796"
Santo.,BACIA,1,"0,9071"
continental-,PALEOAMBIENTE,1,"0,6867"
Planktonic,FOSSEIS,1,"0,9865"
collapse,ESTRUTURA_FISICA,1,"0,6847"
"scars,",ESTRUTURA_FISICA,1,"0,9616"
Mato,CAMPO,1,"0,5151"
Cenozoic.,UNIDADE_CRONO,1,"0,9994"
"Buracica,",UNIDADE_CRONO,1,"0,4289"
7-LPA-1D-SPS,POÇO,1,"0,9881"
Pelecypoda,FOSSEIS,1,"0,8814"
Ridge,PALEOAMBIENTE,1,"0,5370"
discordance,ESTRUTURA_FISICA,1,"0,9994"
oil,FLUIDODATERRA,1,"0,6603"
1BRSA-491-SPS,POÇO,1,"0,8470"
1-BRSA491-SPS,POÇO,1,"0,9975"
superior.,UNIDADE_CRONO,1,"0,5624"
"ostracodes,",FOSSEIS,1,"0,9996"
Eoproterozoic,UNIDADE_CRONO,1,"0,9788"
"EspritoSanto,",BACIA,1,"0,6760"
mollusks.,FOSSEIS,1,"0,9771"
"charophytes,",FOSSEIS,1,"0,7021"
Chalcedony,MINERAIS,1,"0,5627"
Barite,MINERAIS,1,"0,9266"
bivalves.,FOSSEIS,1,"0,9969"
talc,MINERAIS,1,"0,5911"
molds,FOSSEIS,1,"0,6547"
arenites.,ROCHA,1,"0,6493"
peloid.,NAO_CONSOLID,1,"0,6652"
cracks.,ESTRUTURA_FISICA,1,"0,9831"
"muscovite,",MINERAIS,1,"0,7870"
"Quartz,",MINERAIS,1,"0,9488"
Celestine,MINERAIS,1,"0,5233"
"sparites,",ROCHA,1,"0,5551"
cataclastic,TEXTURA,1,"0,7509"
Grainstones.,ROCHA,1,"0,9470"
Dolostones.,ROCHA,1,"0,8336"
"Travertines,",ROCHA,1,"0,9941"
"GrupoLagoaFeia,",UNIDADE_LITO,1,"0,9904"
oceanic,PALEOAMBIENTE,1,"0,9210"
PlioPleistocene,UNIDADE_CRONO,1,"0,8895"
Mesoproterozoic,UNIDADE_CRONO,1,"0,9793"
smectites,ROCHA,1,"0,8133"
NangNuan,CAMPO,1,"0,5435"
silcrete,MINERAIS,1,"0,9549"
Ostracodes,FOSSEIS,1,"0,9992"
transicionais,PALEOAMBIENTE,1,"0,8695"
Mesozo,UNIDADE_CRONO,1,"0,9795"
kerolite,ROCHA,1,"0,5140"
carbonate.,ROCHA,1,"0,4989"
tufa,ROCHA,1,"0,6458"
quinas,FOSSEIS,1,"0,6789"
Mero,CAMPO,1,"0,7980"
SantosBasin.,BACIA,1,"0,7923"
Aptian-aged,UNIDADE_CRONO,1,"0,9565"
Cenomanian,UNIDADE_CRONO,1,"0,6457"
Frade,UNIDADE_CRONO,1,"0,5022"
Maastrichtian,UNIDADE_CRONO,1,"0,6640"
Pre-Cambrian,UNIDADE_CRONO,1,"0,9629"
miliolid,MINERAIS,1,"0,5057"
"gypsum,",MINERAIS,1,"0,5592"
"Peloids,",FOSSEIS,1,"0,8031"
Paleoce,UNIDADE_CRONO,1,"0,9801"
Aptianos,UNIDADE_CRONO,1,"0,9963"
Barremianos,UNIDADE_CRONO,1,"0,9739"
GrupoLagoaFeia,UNIDADE_LITO,1,"0,8857"
Lacustres,PALEOAMBIENTE,1,"0,9204"
Maastrichtianos,UNIDADE_CRONO,1,"0,8765"
BaciadeSalta,BACIA,1,"0,9589"
"feldspars,",MINERAIS,1,"0,7528"
"framestone,",ROCHA,1,"0,8930"
bindstone,ROCHA,1,"0,7344"
"sparstone,",ROCHA,1,"0,6857"
"tufa,",ROCHA,1,"0,8821"
Calcirudites,ROCHA,1,"0,5284"
"crustone,",ROCHA,1,"0,8982"
spherulstone,ROCHA,1,"0,5632"
lutites,ROCHA,1,"0,8883"
ticas,ROCHA,1,"0,6710"
calcarias,NAO_CONSOLID,1,"0,5484"
paleoce,UNIDADE_CRONO,1,"0,9795"
"Namibe,",BACIA,1,"0,5127"
"Kwanza,",BACIA,1,"0,9538"
Congo,BACIA,1,"0,7166"
Gabon,BACIA,1,"0,7302"
"SB-A1,",POÇO,1,"0,9669"
wackestonespackstones,ROCHA,1,"0,6359"
mudlimestones,ROCHA,1,"0,5058"
"framestones,",ROCHA,1,"0,8066"
"shells,",FOSSEIS,1,"0,3417"
pre-Aptian,UNIDADE_CRONO,1,"0,5132"
Barremian-aged,UNIDADE_CRONO,1,"0,9994"
BRSA-944-RJS,POÇO,1,"0,4779"
2ANP1,POÇO,1,"0,9092"
fluvial-deltaic,PALEOAMBIENTE,1,"0,8629"
BarremianUpperAratu,UNIDADE_CRONO,1,"0,9579"
"9-BRSA-1159-RJS,",POÇO,1,"0,9742"
"marls,",ROCHA,1,"0,4696"
calcilutites,ROCHA,1,"0,7623"
"3-BRSA1053-RJS,",POÇO,1,"0,9983"
3-BRSA-1195,POÇO,1,"0,9976"
Candonacentroimpressa,FOSSEIS,1,"0,9534"
Cyprideisfrugosa,FOSSEIS,1,"0,7388"
"gastropods,",FOSSEIS,1,"0,7491"
coquinacarbonates.,ROCHA,1,"0,8617"
3-BRSA944-RJS.,POÇO,1,"0,9983"
"3-BRSA-944A-RJS,",POÇO,1,"0,9945"
9-BRSA1159-RJS,POÇO,1,"0,9862"
3-BRSA-944ARJS,POÇO,1,"0,9977"
3-BRSA-944-RJS,POÇO,1,"0,9973"
Barremian-,UNIDADE_CRONO,1,"0,9220"
baciaSergipeAlagoa,BACIA,1,"0,9994"
baciaSergipeAlagoas,BACIA,1,"0,9975"
karst,ROCHA,1,"0,9179"
Wackestone,ROCHA,1,"0,6588"
"clay,",NAO_CONSOLID,1,"0,7549"
Toarcian,UNIDADE_CRONO,1,"0,9984"
CamposBasins.,BACIA,1,"0,9586"
FormationSantos,UNIDADE_LITO,1,"0,8994"
FormationCampos,UNIDADE_LITO,1,"0,7354"
"Palaeoproterozoic,",UNIDADE_CRONO,1,"0,9799"
NamibeBasin,BACIA,1,"0,5689"
SergipeAlagoasBasin,BACIA,1,"0,9609"
cementstones.,ROCHA,1,"0,8511"
floatstone,ROCHA,1,"0,6269"
flint,ROCHA,1,"0,6985"
chalks,NAO_CONSOLID,1,"0,4147"
BMS-22,POÇO,1,"0,9634"
3-ESSO-004-SPS,POÇO,1,"0,7670"
"cracks,",ESTRUTURA_FISICA,1,"0,8726"
boundstone.,ROCHA,1,"0,4841"
SB-2,POÇO,1,"0,6775"
Bonneville,BACIA,1,"0,5516"
CO2.,FLUIDODATERRA,1,"0,6141"
magnesiumsmectite,MINERAIS,1,"0,9288"
Camposbasin,BACIA,1,"0,8396"
Ellimmalongipectoralis,FOSSEIS,1,"0,9321"
"water,",FLUIDODATERRA,1,"0,9797"
Mudstones,ROCHA,1,"0,8819"
ANP-1,POÇO,1,"0,9740"
Faults,ESTRUTURA_FISICA,1,"0,5980"
wedging,ESTRUTURA_FISICA,1,"0,6052"
failure,ESTRUTURA_FISICA,1,"0,9788"
"ostracod,",FOSSEIS,1,"0,9919"
playa-lake,PALEOAMBIENTE,1,"0,9628"
Retiro,UNIDADE_LITO,1,"0,5244"
"mudrocks,",ROCHA,1,"0,9259"
Bivalve-gastropod,FOSSEIS,1,"0,9814"
Sphalerite,ROCHA,1,"0,5578"
Svanbergite,ROCHA,1,"0,5437"
Zeolite,ROCHA,1,"0,6522"
"dolostones,",ROCHA,1,"0,6537"
Laminations,ESTRUTURA_FISICA,1,"0,8365"
"microcrystalline,",TEXTURA,1,"0,4300"
Silurian,UNIDADE_CRONO,1,"0,9496"
Chert,ROCHA,1,"0,7242"
magnesite.,MINERAIS,1,"0,7945"
"magnesite,",MINERAIS,1,"0,8034"
radiolaria,FOSSEIS,1,"0,8745"
spiculessubae,FOSSEIS,1,"0,9297"
"zeolite,",MINERAIS,1,"0,5953"
bitumen,MINERAIS,1,"0,5284"
Permian.,UNIDADE_CRONO,1,"0,9162"
SantonianCampanian.,UNIDADE_CRONO,1,"0,8930"
Continental-oceanic,PALEOAMBIENTE,1,"0,5318"
Mioceno,UNIDADE_CRONO,1,"0,9992"
oolites,FOSSEIS,1,"0,8209"
paleocontinent,PALEOAMBIENTE,1,"0,8681"
Mesozoic.,UNIDADE_CRONO,1,"0,9990"
"SB-E1,",POÇO,1,"0,7874"
"SBE1,",POÇO,1,"0,6030"
Shrubstones,ROCHA,1,"0,7418"
shrubstone.,ROCHA,1,"0,9769"
aragonite.,MINERAIS,1,"0,6094"
cobbles.,ROCHA,1,"0,9348"
pebbles,ROCHA,1,"0,5869"
cobbles,ROCHA,1,"0,9589"
BVE-200,POÇO,1,"0,6256"
Furongian,UNIDADE_CRONO,1,"0,9690"
Wavy,ESTRUTURA_FISICA,1,"0,5500"
Coastal,PALEOAMBIENTE,1,"0,5814"
Travertine.,ROCHA,1,"0,9536"
Palaeozoic,UNIDADE_CRONO,1,"0,9862"
Macabu,UNIDADE_LITO,1,"0,4170"
proterozoic,UNIDADE_CRONO,1,"0,8780"
mica,MINERAIS,1,"0,5312"
Baryte,ROCHA,1,"0,7321"
Mgclaystones,ROCHA,1,"0,7875"
"dolomites,",ROCHA,1,"0,9674"
Mg-claystones,ROCHA,1,"0,5414"
"KwanzaBasin,",BACIA,1,"0,8029"
palaeocene,UNIDADE_CRONO,1,"0,6732"
sandstone.,ROCHA,1,"0,7663"
Baciade,BACIA,1,"0,9282"
"Eoaptian,",UNIDADE_CRONO,1,"0,9747"
Santonian-Campanian,UNIDADE_CRONO,1,"0,9797"
"3-BRSA-891A-RJS,",POÇO,1,"0,9818"
travertine.,ROCHA,1,"0,9917"
4-BRSA-1226RJS,POÇO,1,"0,9971"
4-BRSA1226-RJS,POÇO,1,"0,9794"
"9-BRSA-1212-RJS,",POÇO,1,"0,9745"
"4-BRSA-1284-RJS,",POÇO,1,"0,9633"
"3-BRSA-1132-RJS,",POÇO,1,"0,9919"
"3-BRSA-1171D-RJS,",POÇO,1,"0,9801"
"8-ATP-4D-RJS,",POÇO,1,"0,9636"
BarraVelhaFormations,UNIDADE_LITO,1,"0,5123"
"3-BRSA-1243-RJS,",POÇO,1,"0,9660"
"1-BRSA-1146-RJS,",POÇO,1,"0,9340"
9-ATP-3-RJS,POÇO,1,"0,8285"
8-ATP-4D-RJS,POÇO,1,"0,8696"
8-ATP-5-RJS,POÇO,1,"0,7994"
9-BRSA-1212-RJS,POÇO,1,"0,9197"
9-BBG-1D-RJS,POÇO,1,"0,9351"
8-SBBG-1-RJS,POÇO,1,"0,9368"
SF-2,POÇO,1,"0,8762"
3-BRSA-1284-RJS,POÇO,1,"0,9954"
"3-BRSA-1212-RJS,",POÇO,1,"0,9985"
3-BRSA-1284RJS,POÇO,1,"0,9923"
"3BRSA-1181D-RJS,",POÇO,1,"0,8860"
profundal,PALEOAMBIENTE,1,"0,7524"
marls,PALEOAMBIENTE,1,"0,5283"
ridge-type,ESTRUTURA_FISICA,1,"0,4414"
3BRSA-1172-RJS,POÇO,1,"0,9897"
fissure-ridge,ESTRUTURA_FISICA,1,"0,9058"
Fissure,ESTRUTURA_FISICA,1,"0,9025"
gases.,FLUIDODATERRA,1,"0,7744"
aptiana,UNIDADE_CRONO,1,"0,9982"
CampodeSururu.Bachelor,CAMPO,1,"0,9995"
Falhas,ESTRUTURA_FISICA,1,"0,5813"
lacustri,PALEOAMBIENTE,1,"0,7316"
Pampo,CAMPO,1,"0,9704"
Paleocene,UNIDADE_CRONO,1,"0,9919"
Cretaceosuperior.,UNIDADE_CRONO,1,"0,8028"
Neoaptiana,UNIDADE_CRONO,1,"0,9986"
"BaciadoEspiritoSanto,",BACIA,1,"0,9954"
AptianAlagoas,UNIDADE_CRONO,1,"0,8976"
gneisses.,ROCHA,1,"0,6297"
"Santo,",BACIA,1,"0,6113"
Holocene.,UNIDADE_CRONO,1,"0,9919"
Tithonian,UNIDADE_CRONO,1,"0,9889"
Petrobrasia,FOSSEIS,1,"0,6954"
mudrocks,ROCHA,1,"0,9900"
Santos.,BACIA,1,"0,9803"
Quaternary.,UNIDADE_CRONO,1,"0,9997"
igneous,PALEOAMBIENTE,1,"0,6137"
ostracode,FOSSEIS,1,"0,9987"
zircon,MINERAIS,1,"0,9981"
BaciadoReco,BACIA,1,"0,9771"
ncavoTucano.,BACIA,1,"0,7626"
Ostracoda,FOSSEIS,1,"0,9983"
cenozoicos,UNIDADE_CRONO,1,"0,9863"
Ostracodes.,FOSSEIS,1,"0,9786"
BaciadeSergipeAlagoas.,BACIA,1,"0,9997"
rainstones,ROCHA,1,"0,7570"
crinkly,ESTRUTURA_FISICA,1,"0,7218"
"calcimudstones,",ROCHA,1,"0,6086"
peloid,FOSSEIS,1,"0,3192"
GRAINSTONES,ROCHA,1,"0,7889"
cleavage,ESTRUTURA_FISICA,1,"0,8369"
ripple,ESTRUTURA_FISICA,1,"0,7988"
Mississippian-early,UNIDADE_CRONO,1,"0,7551"
Pennsylvanian,UNIDADE_CRONO,1,"0,5511"
3-EQ,POÇO,1,"0,6294"
3-EQNR-3-SPS,POÇO,1,"0,9553"
breccias,ROCHA,1,"0,7251"
3-EQNR-1-SPS.,POÇO,1,"0,9755"
carbonatemound,ROCHA,1,"0,6663"
"carbonatemounds,",ROCHA,1,"0,6138"
2-ANP-2A,POÇO,1,"0,9851"
"3-BRSA-1339A-RJS,",POÇO,1,"0,9990"
"BRSA-1339A-RJS,",POÇO,1,"0,7389"
3-BRSA1322-RJS,POÇO,1,"0,9908"
"3-BRSA-1345-RJS,",POÇO,1,"0,9607"
"3-BRSA-1255-RJS,",POÇO,1,"0,9614"
3-BRSA-1343-RJS.,POÇO,1,"0,9584"
pelecypod,FOSSEIS,1,"0,6707"
BRSA-1267A-RJS,POÇO,1,"0,3876"
3-BRSA-1267ARJS,POÇO,1,"0,9891"
"3-BRSA-1305A-RJS,",POÇO,1,"0,9986"
"3-BRSA-1310-RJS,",POÇO,1,"0,9969"
"3-BRSA-1267A-RJS,",POÇO,1,"0,9984"
"3-BRSA-1310RJS,",POÇO,1,"0,9989"
imestone,ROCHA,1,"0,5095"
Marinha,PALEOAMBIENTE,1,"0,5559"
3-BRSA-1370-SPS,POÇO,1,"0,9985"
3-ESSO-3-SPS,POÇO,1,"0,9966"
3-ESSO-5-SPS,POÇO,1,"0,9957"
1-BRSA-757-SPS,POÇO,1,"0,9979"
Archaean,UNIDADE_CRONO,1,"0,5634"
9-BUZ-4-RJS,POÇO,1,"0,9895"
9-BUZ-4-RJS.,POÇO,1,"0,9901"
"9-BUZ-4-RJS,",POÇO,1,"0,9656"
Gato,CAMPO,1,"0,8586"
"Mato,",CAMPO,1,"0,7842"
Neoaptian,UNIDADE_CRONO,1,"0,9813"
laminite,ROCHA,1,"0,8011"
Intra-Albian,UNIDADE_CRONO,1,"0,9958"
Pelotasbasins,BACIA,1,"0,7582"
maastrichtiano,UNIDADE_CRONO,1,"0,9950"
maastrichtianos,UNIDADE_CRONO,1,"0,9954"
Yacoraite,ROCHA,1,"0,6233"
BaciadeSalta-Argentina,BACIA,1,"0,9995"
Campanian-Turonian,UNIDADE_CRONO,1,"0,9820"
diabases,ROCHA,1,"0,6448"
"basalt,",MINERAIS,1,"0,5710"
Intra-Barremian,UNIDADE_CRONO,1,"0,8725"
3-RJS-625,POÇO,1,"0,9991"
Basalt,ROCHA,1,"0,9827"
"Eocene,",UNIDADE_CRONO,1,"0,9954"
2SEQ5.,POÇO,1,"0,8253"
1SEQ1,POÇO,1,"0,9027"
2SEQ1,POÇO,1,"0,6016"
"folds,",ESTRUTURA_FISICA,1,"0,7258"
granitic,ROCHA,1,"0,7488"
Phitsanulok,BACIA,1,"0,8391"
BarraVelhaFormation.,UNIDADE_LITO,1,"0,8699"
campodeTupi,CAMPO,1,"0,9889"
"fraturas,",ESTRUTURA_FISICA,1,"0,7709"
"BaciadePelotas,",BACIA,1,"0,9997"
Neoproterozoico,UNIDADE_CRONO,1,"0,9983"
Eocreta,UNIDADE_CRONO,1,"0,9781"
"embasamento,",UNIDADE_LITO,1,"0,9958"
neoproterozoicas,UNIDADE_CRONO,1,"0,9859"
BaciasdeCampos,BACIA,1,"0,9998"
zona,ESTRUTURA_FISICA,1,"0,5903"
"falha,",ESTRUTURA_FISICA,1,"0,9992"
halita.,ROCHA,1,"0,9986"
"Eoceno,",UNIDADE_CRONO,1,"0,9997"
"Eoaptiano,",UNIDADE_CRONO,1,"0,9997"
GrupoGuaratiba,UNIDADE_LITO,1,"0,8986"
basaltos,ROCHA,1,"0,9997"
Neocomiano,UNIDADE_CRONO,1,"0,9985"
Neobarremiano-Eoaptiano,UNIDADE_CRONO,1,"0,9935"
lamitos,ROCHA,1,"0,9998"
transicional,PALEOAMBIENTE,1,"0,5678"
"raso,",PALEOAMBIENTE,1,"0,4890"
talco,MINERAIS,1,"0,5582"
bioclastos,FOSSEIS,1,"0,9306"
"Intra-Alagoas,",UNIDADE_CRONO,1,"0,8019"
Velha.,UNIDADE_LITO,1,"0,5634"
"carbonatos,",ROCHA,1,"0,9942"
lacustre,PALEOAMBIENTE,1,"0,9989"
marinho,PALEOAMBIENTE,1,"0,7902"
gipsita,ROCHA,1,"0,8514"
marinha.,PALEOAMBIENTE,1,"0,5698"
Tethyan,UNIDADE_CRONO,1,"0,9655"
Neoaptiano,UNIDADE_CRONO,1,"0,9996"
halita,ROCHA,1,"0,9987"
"taquidrita,",ROCHA,1,"0,8574"
margas,ROCHA,1,"0,9997"
Cenomaniano,UNIDADE_CRONO,1,"0,9999"
marinha,PALEOAMBIENTE,1,"0,9686"
cisalhamento,ESTRUTURA_FISICA,1,"0,9759"
"halita,",ROCHA,1,"0,9975"
Fm.Itapema,UNIDADE_LITO,1,"0,9755"
raso,PALEOAMBIENTE,1,"0,9596"
argilominerais,MINERAIS,1,"0,9216"
magnesianas,ROCHA,1,"0,8266"
litora,PALEOAMBIENTE,1,"0,8931"
embasamento.,UNIDADE_LITO,1,"0,9982"
continental.,PALEOAMBIENTE,1,"0,9303"
"aptianosuperior,",UNIDADE_CRONO,1,"0,8455"
continentais,PALEOAMBIENTE,1,"0,9953"
Cenozoicos,UNIDADE_CRONO,1,"0,9991"
barremian,UNIDADE_CRONO,1,"0,9906"
calcarenites.,ROCHA,1,"0,8888"
Gastropods,FOSSEIS,1,"0,6084"
Ostracod,FOSSEIS,1,"0,9296"
"Calcarenites,",ROCHA,1,"0,7873"
siltite.,ROCHA,1,"0,7676"
siltite,ROCHA,1,"0,6407"
bioclast.,FOSSEIS,1,"0,8810"
dolostone.,ROCHA,1,"0,9582"
Ooid,NAO_CONSOLID,1,"0,5593"
Spherulstone,ROCHA,1,"0,5173"
calcirudite,MINERAIS,1,"0,6824"
"siltstone,",ROCHA,1,"0,9957"
bioclasts.,FOSSEIS,1,"0,4675"
Barravelha,UNIDADE_LITO,1,"0,5690"
carenite,ROCHA,1,"0,8197"
"ripples,",ESTRUTURA_FISICA,1,"0,7829"
"campodeBuzios,",CAMPO,1,"0,9595"
Badejo,CAMPO,1,"0,8627"
BarraVelhaFormation,CAMPO,1,"0,8208"
coquinas-,ROCHA,1,"0,9948"
"camposdeBadejo,",CAMPO,1,"0,7873"
"Trilha,",CAMPO,1,"0,8071"
campos,BACIA,1,"0,9049"
Mangakahia,FOSSEIS,1,"0,8349"
CampodePampo.,CAMPO,1,"0,9986"
Talco,MINERAIS,1,"0,7303"
CampodeMero,CAMPO,1,"0,9103"
"BadejoPampo,",CAMPO,1,"0,9540"
ostracod.,MINERAIS,1,"0,7769"
spherulitestone,ROCHA,1,"0,7833"
Travertine,ROCHA,1,"0,9832"
SB-1,POÇO,1,"0,8917"
travertinos,ROCHA,1,"0,9997"
"Oxfordian,",UNIDADE_CRONO,1,"0,7875"
